feature,importance
coupon_Carry out & Take away,0.04069509178934802
coupon_venue_affinity,0.03884690399514597
coupon_Coffee House,0.026158923043508087
has_children,0.02226204458970747
coupon_Restaurant(<20),0.020281470090799503
coupon_Bar,0.01933795215734593
passanger_Friend(s),0.018388856779358018
temperature,0.016098851109464206
passanger_Kid(s),0.015700659144355075
CoffeeHouse_never,0.013842156441613306
CoffeeHouse_num,0.013403025126753747
is_no_urgent,0.013330186154137056
expiration_2h,0.013295147389218144
distance_score,0.012926781887550337
total_venue_activity,0.012692418955213213
age_num,0.01254491638706616
edu_num,0.012345385296660046
education_Some college - no degree,0.012264195410672349
Bar_num,0.012020959741027182
expiration_1d,0.011844003177106155
destination_No Urgent Place,0.011793132958987542
income_num,0.011579799521558999
time_hour,0.011331878059812658
age_31,0.011325598022977425
expiration_hours,0.01130157321614871
Restaurant20To50_less1,0.011195884856291619
CarryAway_1~3,0.010913176541237886
income_$75000 - $87499,0.010839180489676121
Bar_less1,0.010765480354385194
toCoupon_GEQ15min,0.010524240613802034
direction_same,0.009985798467210457
age_below21,0.00993754241770693
gender_Male,0.009936119851967448
direction_opp,0.009907979835843671
Restaurant20To50_num,0.009783155091338962
CarryAway_num,0.009711002653201921
time_10PM,0.009688737239432659
education_Graduate degree (Masters or Doctorate),0.009451084062910805
gender_Female,0.00944879801414991
weather_Sunny,0.009274921403041017
is_alone,0.009235230254063902
weather_Rainy,0.009225829775844659
occupation_Student,0.00902089669147573
maritalStatus_Married partner,0.008952829963968418
destination_Home,0.008941929515547987
Bar_never,0.008918468523991752
passanger_Alone,0.008814456137660315
time_6PM,0.0086697041129472
Bar_1~3,0.0085787890578023
RestaurantLessThan20_num,0.008523475041871086
CoffeeHouse_4~8,0.008320888016601998
RestaurantLessThan20_1~3,0.00827752681842631
is_sunny,0.008244023659564148
education_Bachelors degree,0.008196323388558899
CarryAway_4~8,0.007971920214795359
CoffeeHouse_1~3,0.007970129537807723
age_50plus,0.007966926986512666
CarryAway_gt8,0.007927679285795708
time_10AM,0.007893470437939759
income_$25000 - $37499,0.007823897755210344
maritalStatus_Single,0.007779761386390674
RestaurantLessThan20_less1,0.007559395449053225
age_21,0.007346996294980248
age_36,0.0072823545826613545
Restaurant20To50_never,0.007144794159117751
age_26,0.007143461348323914
CarryAway_less1,0.007048761516696951
coupon_Restaurant(20-50),0.0070088066493140255
occupation_Management,0.0069973103578755535
maritalStatus_Unmarried partner,0.006965984312914215
RestaurantLessThan20_4~8,0.006724782379678006
toCoupon_GEQ25min,0.006708394677678585
income_$50000 - $62499,0.006329761050856906
CoffeeHouse_less1,0.006293497974179946
occupation_Education&Training&Library,0.006249263508456179
income_$12500 - $24999,0.006027847704335961
occupation_Computer & Mathematical,0.005943838497104233
income_$37500 - $49999,0.005888023220271213
education_High School Graduate,0.0058834337015540306
Restaurant20To50_1~3,0.005672353345795811
destination_Work,0.0056549962411027695
Bar_4~8,0.005618736631656167
passanger_Partner,0.005330819490846323
time_7AM,0.00529657580254096
income_$100000 or More,0.005251049216118085
CoffeeHouse_gt8,0.005134052649123348
time_2PM,0.004968671570905406
RestaurantLessThan20_gt8,0.004787645532191972
occupation_Unemployed,0.004759164271536158
occupation_Arts Design Entertainment Sports & Media,0.004728069087931197
income_$87500 - $99999,0.004704583975549666
maritalStatus_Divorced,0.004459103469415991
income_$62500 - $74999,0.004402053904316495
age_41,0.004281007409013134
occupation_Office & Administrative Support,0.004220574676542515
occupation_Sales & Related,0.004207590180490608
weather_Snowy,0.004034524748596983
occupation_Retired,0.003943905673613445
income_Less than $12500,0.003887223741656156
education_Associates degree,0.003527661212600109
Restaurant20To50_4~8,0.002775405278455729
occupation_Business & Financial,0.0024465713065544422
occupation_Community & Social Services,0.002425830335418687
Bar_gt8,0.0022249770162046643
occupation_Personal Care & Service,0.002095221098142272
Restaurant20To50_gt8,0.0020452668864025915
occupation_Healthcare Support,0.0019621789810558856
occupation_Food Preparation & Serving Related,0.001845241640349302
occupation_Installation Maintenance & Repair,0.001715778837368294
occupation_Production Occupations,0.0015697633290301064
occupation_Transportation & Material Moving,0.0014916542802308928
occupation_Protective Service,0.0014711994337511752
occupation_Healthcare Practitioners & Technical,0.0013899095121919925
RestaurantLessThan20_never,0.0013855705847718852
RestaurantLessThan20_missing,0.0011858121591398288
maritalStatus_Widowed,0.0011853213713320385
age_46,0.0010384945895679212
car_missing,0.0009274768185884419
occupation_Architecture & Engineering,0.0009100496035015059
CarryAway_never,0.0008272624372697814
occupation_Legal,0.0008088795713629554
car_Car that is too old to install Onstar :D,0.0006314159810322732
occupation_Farming Fishing & Forestry,0.00047818468563485335
occupation_Building & Grounds Cleaning & Maintenance,0.0004517867799974283
education_Some High School,0.0003671010735048539
Restaurant20To50_missing,0.000313915674198671
occupation_Construction & Extraction,0.00026898417431392457
CoffeeHouse_missing,0.00011450744352315269
toCoupon_GEQ5min,0.0
