dataset,feature,dtype,missing_count,missing_pct,unique_count,sample_values
Train,customer_id,int64,0,0.0,200,"[143296, 381276, 459916]"
Train,destination,object,0,0.0,3,"['Work', 'No Urgent Place', 'Home']"
Train,passanger,object,0,0.0,4,"['Alone', 'Friend(s)', 'Partner']"
Train,weather,object,0,0.0,3,"['Sunny', 'Snowy', 'Rainy']"
Train,temperature,int64,0,0.0,3,"[80, 30, 55]"
Train,time,object,0,0.0,5,"['7AM', '2PM', '6PM']"
Train,coupon,object,0,0.0,5,"['Coffee House', 'Bar', 'Restaurant(20-50)']"
Train,expiration,object,0,0.0,2,"['1d', '2h']"
Train,gender,object,0,0.0,2,"['Female', 'Male']"
Train,age,object,0,0.0,8,"['21', '31', '26']"
Train,maritalStatus,object,0,0.0,5,"['Unmarried partner', 'Married partner', 'Single']"
Train,has_children,int64,0,0.0,2,"[0, 1]"
Train,education,object,0,0.0,6,"['Bachelors degree', 'Some college - no degree', 'Graduate degree (Masters or Doctorate)']"
Train,occupation,object,0,0.0,24,"['Community & Social Services', 'Computer & Mathematical', 'Arts Design Entertainment Sports & Media']"
Train,income,object,0,0.0,9,"['$62500 - $74999', '$100000 or More', '$75000 - $87499']"
Train,car,object,199,99.5,1,['Car that is too old to install Onstar :D']
Train,Bar,object,0,0.0,5,"['less1', 'gt8', 'never']"
Train,CoffeeHouse,object,1,0.5,5,"['never', 'less1', '1~3']"
Train,CarryAway,object,0,0.0,5,"['1~3', 'gt8', '4~8']"
Train,RestaurantLessThan20,object,2,1.0,5,"['less1', '4~8', 'gt8']"
Train,Restaurant20To50,object,2,1.0,5,"['never', 'less1', '1~3']"
Train,toCoupon_GEQ5min,int64,0,0.0,1,[1]
Train,toCoupon_GEQ15min,int64,0,0.0,2,"[0, 1]"
Train,toCoupon_GEQ25min,int64,0,0.0,2,"[0, 1]"
Train,direction_same,int64,0,0.0,2,"[1, 0]"
Train,direction_opp,int64,0,0.0,2,"[0, 1]"
Train,Y,int64,0,0.0,2,"[0, 1]"
Test,customer_id,int64,0,0.0,200,"[266297, 295401, 469240]"
Test,destination,object,0,0.0,3,"['Home', 'No Urgent Place', 'Work']"
Test,passanger,object,0,0.0,4,"['Alone', 'Friend(s)', 'Kid(s)']"
Test,weather,object,0,0.0,3,"['Rainy', 'Sunny', 'Snowy']"
Test,temperature,int64,0,0.0,3,"[55, 30, 80]"
Test,time,object,0,0.0,5,"['10PM', '6PM', '2PM']"
Test,coupon,object,0,0.0,5,"['Coffee House', 'Carry out & Take away', 'Bar']"
Test,expiration,object,0,0.0,2,"['2h', '1d']"
Test,gender,object,0,0.0,2,"['Male', 'Female']"
Test,age,object,0,0.0,8,"['31', '26', '41']"
Test,maritalStatus,object,0,0.0,5,"['Married partner', 'Single', 'Unmarried partner']"
Test,has_children,int64,0,0.0,2,"[0, 1]"
Test,education,object,0,0.0,6,"['Some college - no degree', 'Bachelors degree', 'Graduate degree (Masters or Doctorate)']"
Test,occupation,object,0,0.0,23,"['Sales & Related', 'Business & Financial', 'Unemployed']"
Test,income,object,0,0.0,9,"['$50000 - $62499', '$100000 or More', '$75000 - $87499']"
Test,car,object,197,98.5,2,"['Car that is too old to install Onstar :D', 'do not drive']"
Test,Bar,object,1,0.5,5,"['1~3', '4~8', 'never']"
Test,CoffeeHouse,object,3,1.5,5,"['1~3', 'never', '4~8']"
Test,CarryAway,object,0,0.0,5,"['gt8', '1~3', '4~8']"
Test,RestaurantLessThan20,object,1,0.5,4,"['4~8', '1~3', 'less1']"
Test,Restaurant20To50,object,0,0.0,5,"['1~3', 'less1', '4~8']"
Test,toCoupon_GEQ5min,int64,0,0.0,1,[1]
Test,toCoupon_GEQ15min,int64,0,0.0,2,"[0, 1]"
Test,toCoupon_GEQ25min,int64,0,0.0,2,"[0, 1]"
Test,direction_same,int64,0,0.0,2,"[1, 0]"
Test,direction_opp,int64,0,0.0,2,"[0, 1]"
Test,Y,int64,0,0.0,2,"[1, 0]"
